,Name,Endothelial_Endothelial_30,Endothelial_Glioma_30,Endothelial_Leukocyte_30,Endothelial_Negative_30,Endothelial_Oligodendrocyte_30,Endothelial_PVC_30,Endothelial_TAMM_30,Glioma_Endothelial_30,Glioma_Glioma_30,Glioma_Leukocyte_30,Glioma_Negative_30,Glioma_Oligodendrocyte_30,Glioma_PVC_30,Glioma_TAMM_30,Leukocyte_Endothelial_30,Leukocyte_Glioma_30,Leukocyte_Leukocyte_30,Leukocyte_Negative_30,Leukocyte_Oligodendrocyte_30,Leukocyte_PVC_30,Leukocyte_TAMM_30,Negative_Endothelial_30,Negative_Glioma_30,Negative_Leukocyte_30,Negative_Negative_30,Negative_Oligodendrocyte_30,Negative_PVC_30,Negative_TAMM_30,Oligodendrocyte_Endothelial_30,Oligodendrocyte_Glioma_30,Oligodendrocyte_Leukocyte_30,Oligodendrocyte_Negative_30,Oligodendrocyte_Oligodendrocyte_30,Oligodendrocyte_PVC_30,Oligodendrocyte_TAMM_30,PVC_Endothelial_30,PVC_Glioma_30,PVC_Leukocyte_30,PVC_Negative_30,PVC_Oligodendrocyte_30,PVC_PVC_30,PVC_TAMM_30,TAMM_Endothelial_30,TAMM_Glioma_30,TAMM_Leukocyte_30,TAMM_Negative_30,TAMM_Oligodendrocyte_30,TAMM_PVC_30,TAMM_TAMM_30,Endothelial_Endothelial_50,Endothelial_Glioma_50,Endothelial_Leukocyte_50,Endothelial_Negative_50,Endothelial_Oligodendrocyte_50,Endothelial_PVC_50,Endothelial_TAMM_50,Glioma_Endothelial_50,Glioma_Glioma_50,Glioma_Leukocyte_50,Glioma_Negative_50,Glioma_Oligodendrocyte_50,Glioma_PVC_50,Glioma_TAMM_50,Leukocyte_Endothelial_50,Leukocyte_Glioma_50,Leukocyte_Leukocyte_50,Leukocyte_Negative_50,Leukocyte_Oligodendrocyte_50,Leukocyte_PVC_50,Leukocyte_TAMM_50,Negative_Endothelial_50,Negative_Glioma_50,Negative_Leukocyte_50,Negative_Negative_50,Negative_Oligodendrocyte_50,Negative_PVC_50,Negative_TAMM_50,Oligodendrocyte_Endothelial_50,Oligodendrocyte_Glioma_50,Oligodendrocyte_Leukocyte_50,Oligodendrocyte_Negative_50,Oligodendrocyte_Oligodendrocyte_50,Oligodendrocyte_PVC_50,Oligodendrocyte_TAMM_50,PVC_Endothelial_50,PVC_Glioma_50,PVC_Leukocyte_50,PVC_Negative_50,PVC_Oligodendrocyte_50,PVC_PVC_50,PVC_TAMM_50,TAMM_Endothelial_50,TAMM_Glioma_50,TAMM_Leukocyte_50,TAMM_Negative_50,TAMM_Oligodendrocyte_50,TAMM_PVC_50,TAMM_TAMM_50,nCells,Endothelial_abundance,Glioma_abundance,Leukocyte_abundance,Negative_abundance,Oligodendrocyte_abundance,PVC_abundance,TAMM_abundance,Endothelial_fraction,Glioma_fraction,Leukocyte_fraction,Negative_fraction,Oligodendrocyte_fraction,PVC_fraction,TAMM_fraction,Astrocyte_Astrocyte_30,Astrocyte_Endothelial_30,Astrocyte_Glioma_30,Astrocyte_Negative_30,Astrocyte_Oligodendrocyte_30,Astrocyte_PVC_30,Astrocyte_TAMM_30,Endothelial_Astrocyte_30,Glioma_Astrocyte_30,Negative_Astrocyte_30,Oligodendrocyte_Astrocyte_30,PVC_Astrocyte_30,TAMM_Astrocyte_30,Astrocyte_Astrocyte_50,Astrocyte_Endothelial_50,Astrocyte_Glioma_50,Astrocyte_Negative_50,Astrocyte_Oligodendrocyte_50,Astrocyte_PVC_50,Astrocyte_TAMM_50,Endothelial_Astrocyte_50,Glioma_Astrocyte_50,Negative_Astrocyte_50,Oligodendrocyte_Astrocyte_50,PVC_Astrocyte_50,TAMM_Astrocyte_50,Astrocyte_abundance,Astrocyte_fraction,Astrocyte_Leukocyte_30,Leukocyte_Astrocyte_30,Astrocyte_Leukocyte_50,Leukocyte_Astrocyte_50
0,"Gbg LGG TMA 8 Panel 2_Core[1,1,A]_[12121,33201]_component_data.tif - resolution #1",0.0,-1.6761490402012587,8.496194691684654,0.9215418321576174,-1.104435695400803,5.653176113457763,0.9971173691272432,-0.8002524340493216,0.0,-0.410262880278765,0.3346585311395432,-0.7038461759638588,-0.8947361512447096,0.3949569047950818,7.987417715226516,-1.0129086430525147,0.0,-1.4992665978587938,-0.23241700371570692,-0.4984807314732729,0.4713632360150698,1.2992297461751763,0.2408301195306633,-1.3282279572590328,0.0,-0.7453252268074797,1.424107388404087,-1.283410123190017,-1.019260155493182,-0.052096800550796234,-0.20384827179266965,-0.4969889677280831,0.0,1.2072765213572723,0.7923845677592705,5.655303452099464,-1.3626780523363853,-0.4736444307869462,1.2043563279636866,1.0239410438900776,0.0,-0.5747778701726272,1.3745749739095734,0.279072752930949,0.7858576034373572,-1.2916980096916526,0.4644082002910117,-0.3893146437729784,0.0,0.0,-1.4330049854431919,6.968989963070855,-0.24178015070112766,-1.3027045426292725,4.384489335331922,2.0544478107112805,0.7900101813570544,0.0,0.5097701253490655,0.32738313148368126,-1.4112987273135196,-1.8140084406700645,-0.09986863951828677,5.90473543403341,-1.6596826293372342,0.0,0.10798427554100988,-0.4129083371959377,0.24360487786196391,1.1782777874842205,0.5647822450171051,-0.3628007489708913,1.1084131292114376,0.0,-0.9895526168368747,3.4596728866309063,-0.2735709884272824,-1.0705103064561965,-0.17618672888494136,-0.3338961679844786,-0.4719828535318867,0.0,1.2387852870900422,1.0887993464541375,4.547902799530633,-2.452725766612818,0.4997019993491182,3.2063890956543264,0.9757633894702824,0.0,0.4327585742854282,2.9496331021279194,-0.672801575942565,2.349844850749009,-0.22497010844136514,0.4617680340795585,0.665693628323025,0.0,2965,75,2114,3.0,370,5.0,23,375,0.025295109612141653,0.7129848229342327,0.001011804384485666,0.12478920741989882,0.0016863406408094434,0.00775716694772344,0.12647554806070826,,,,,,,,,,,,,,,,,,,,,,,,,,,,,,,,
1,"Gbg LGG TMA 8 Panel 2_Core[1,1,B]_[13962,33036]_component_data.tif - resolution #1",0.0,-2.264903510706295,6.797416713114483,-0.4682064885700354,,9.50178935141184,5.669734886151993,-1.6304367324213207,0.0,-0.37935862815417437,0.2507590976442271,,-0.9585351451639111,1.3228117679546143,6.262244486130968,-0.9660289839138638,0.0,0.11408201643726085,,-0.32754218162367693,-0.7121727673287427,-0.18966087635120746,-0.11280543978043293,0.4519105160345751,0.0,,-0.852299251235006,0.936277471622737,,,,,,,,9.331817683848055,-1.4682773946310164,-0.30996740425729086,-1.062131810122291,,0.0,1.8093363978824764,5.143730824968925,-0.9617272466595427,-0.6997325590243602,-0.14647002644353288,,1.6458168565536884,0.0,0.0,-1.4355248474960594,3.348271712571835,-0.5213521365085556,,8.834756438634487,3.0551647526534094,-0.16277811198347256,0.0,-1.109086846641692,0.16793166866005074,,-1.4188360870459393,0.6903940991053372,3.5142475888222857,-1.1495052378345658,0.0,1.640561691449002,,-0.5074255871940864,-1.1032873590463914,0.05750083130123824,-0.20095463915369668,1.6473455086188993,0.0,,-1.5450224653816647,1.1503024045372148,,,,,,,,9.39306261434653,-1.2639029118268545,-0.500982736179861,-1.4461653484475077,,0.0,1.7500186567151108,3.0669420886385748,-0.8501620470604647,-1.1373537166807268,0.43444728620368384,,1.4958383142934149,0.0,1541,35,1152,3.0,288,,11,52,0.0227125243348475,0.7475665152498377,0.001946787800129786,0.18689162881245944,,0.007138221933809215,0.03374432186891629,,,,,,,,,,,,,,,,,,,,,,,,,,,,,,,,
2,"Gbg LGG TMA 8 Panel 2_Core[1,1,C]_[15901,32807]_component_data.tif - resolution #1",0.0,-2.691805467308918,11.056876090753049,-1.0124405201566837,-0.30765905782066294,14.115112373557489,2.2320002432043022,-1.7949214324635963,0.0,-1.649070775383804,0.7436725487020679,0.5019869027950092,-2.1913956187500396,0.8698656493926694,7.185043215901502,-2.9763784959566078,0.0,-2.08869542928171,-0.10104566316191026,9.833416713134188,4.2870044991850085,-0.3968256498652152,0.8077496983538738,-1.3490210226209596,0.0,1.143250245707003,-2.610680894411925,-0.7758006927451004,-0.3795533889882704,-0.40697874903142894,-0.08486983582171785,0.3727471989781299,0.0,-0.2878092691139632,0.8547447018297332,14.981872662954983,-2.213606985208274,15.6142848954691,-2.6287867805005245,-0.22196946118416855,0.0,0.8351895238452933,2.447771862383025,-0.08622039211179897,7.381976115415382,-1.3602688439957957,1.3915997553911599,0.6875278914488523,0.0,0.0,-2.3602231605826085,13.233895756295514,-1.5037424448993475,1.4660454952226598,13.6151251986907,1.9590324447827414,-1.4769874772759561,0.0,-2.4553936732435733,0.5852725377279746,0.24301603128717272,-3.055247470878602,1.4813561663581083,10.930482624022353,-3.4392738667288802,0.0,-2.7743371018630976,-0.1342312774654725,14.89039318597204,2.587156433375053,-0.9773504483802145,0.3919423281604078,-2.2799688593493204,0.0,2.730806415657621,-2.949346426658322,0.8303229194552301,0.9936294550116984,-0.9791325509069869,-0.1385918588436161,1.431807459089228,0.0,-0.4699904630435461,-0.150344467014258,14.632971624042678,-2.5172844234832157,18.903296862979644,-2.611684663640347,-0.36414883241611173,0.0,1.4873127818560965,1.8965793487478382,-0.4696495871209935,3.5371961658530684,-0.3323228293895681,0.24317473241433799,0.9312594167320679,0.0,1667,40,1053,2.0,427,1.0,23,121,0.02399520095980804,0.6316736652669466,0.0011997600479904018,0.2561487702459508,0.0005998800239952009,0.013797240551889621,0.07258548290341932,,,,,,,,,,,,,,,,,,,,,,,,,,,,,,,,
3,"Gbg LGG TMA 8 Panel 2_Core[1,11,B]_[14758,50586]_component_data.tif - resolution #1",0.0,-2.385526485590096,,2.402206290781303,-0.17070590499430793,5.3998874123386855,4.881428617409203,-9.112236709501598,0.0,,0.7563943393522188,3.2578080246327583,-2.578012586621564,4.054335323408915,,,,,,,,-0.6805492594299853,-1.7431507766613876,,0.0,-0.4468798267530082,0.5674745108640127,0.9747205353691225,-1.3188051835473271,0.29118622169489355,,-0.920615481564214,0.0,-0.6617891569487782,1.2217167858182343,4.845338159717129,-1.1425791630777404,,1.447826924830921,-0.489885876754492,0.0,0.6339157208837161,0.8676869538107335,-0.3224344817779184,,0.4425495936438708,1.55147579171843,-0.13146066056960068,0.0,0.0,-2.1557997303919803,,4.528968413093288,-0.8500404334859013,2.0642927137789795,2.783495259945169,-8.770557496856583,0.0,,0.36307054985489784,4.118407070803148,-0.763204039361543,5.166389986692408,,,,,,,,1.3904380514752654,-2.978849726183994,,0.0,-1.784376184922331,1.2634306879507102,0.7235183674441646,-1.9464639332184672,0.5472254085147653,,-2.28938921392743,0.0,-1.0759583189537665,2.023443123323896,1.6147313961562582,-0.2774996652116492,,1.6362240215141346,-0.9733068470262749,0.0,-0.47178423728749536,-0.30780754027101814,-0.28877443190776464,,0.1345408155309983,2.402323876104982,-0.786362837962514,0.0,2775,45,2260,,194,35.0,4,187,0.016216216216216217,0.8144144144144144,,0.0699099099099099,0.012612612612612612,0.0014414414414414415,0.06738738738738739,0.0,-0.8091028803781659,-2.8605827325709816,10.885363828793684,-0.7650747160924738,-0.7289642861868667,-0.36974576765243783,0.4325585426114102,-2.5024406684124187,10.374389918497286,-1.0577002547898855,-0.5855269784513523,-0.8471281308085644,0.0,-0.8209534387479364,-5.571484801298577,18.80969098635358,-0.47443778563768285,-1.204288116358538,0.8748567074979523,0.2569011608704531,-5.41387169232933,17.898724642610546,-0.912505294610176,-1.1633280782035553,0.1281818168053076,50.0,0.018018018018018018,,,,
4,"Gbg LGG TMA 8 Panel 2_Core[1,12,B]_[14788,52318]_component_data.tif - resolution #1",0.0,-2.956098962123455,,3.246523997047767,0.5890582722700818,23.505424573761076,3.4117217901283206,-9.164588052686197,0.0,,0.9587846934262467,-0.04559590010277521,-4.643664624170988,4.513768455355902,,,,,,,,1.1969229077235164,-0.5662851538251825,,0.0,3.960388913769305,-1.2152939757913308,0.4405147980073175,-0.28870064910534676,-0.7318531055124855,,4.043990250462992,0.0,-0.7733542305834079,0.7838863204840515,21.204530280070696,-2.640904872338619,,-0.9721957362212716,-0.6253748593497156,0.0,0.7474037854893415,0.03988220218957993,-0.06874823013801445,,0.2282966774840252,0.5533578081964668,-0.33462535416042394,0.0,0.0,-2.161311303006903,,1.0430706734832893,2.166668610920724,16.369227596139552,2.80855833433017,-8.41369895431294,0.0,,0.7713165139020978,-0.9608541175169846,-4.629411771722702,4.7308954334345845,,,,,,,,-0.20684398439286,-0.5471181279662182,,0.0,4.1834544411446055,-0.5473245062125535,0.4831716090287509,1.2103817563402222,-1.3723195544952145,,4.287003771570924,0.0,-0.516749210460725,2.200137549756113,16.06694382718912,-1.9728666500341667,,-0.0598240277857818,-0.2514199304036421,0.0,0.06434505219614987,-0.0009245780606273202,-0.13668809111358363,,0.1681288634086407,1.8283049661214228,-1.0218020416259912,0.0,3017,41,2662,,58,24.0,10,220,0.01358965860125953,0.8823334438183627,,0.0192243950944647,0.007954922108054359,0.003314550878355983,0.07292011932383162,0.0,-0.466455472611813,0.23241738555557803,-0.5547956687791017,-0.3568807183843544,-0.23036516334577745,-0.1550196497489232,-0.33198727431307,0.6928516661687552,-0.5434828642128661,-0.34585114403137973,-0.18052884893870602,-0.14963479951101186,0.0,-0.7188557293175633,-0.2678202896268865,2.653826335580447,-0.5499899307673478,-0.3550165075892434,0.13644346369999927,-0.6522314919711433,-0.7057466321234678,2.4025437784065833,-0.5774481440436625,-0.3272363710797392,-0.12253871374294802,2.0,0.0006629101756711965,,,,
5,"Gbg LGG TMA 8 Panel 2_Core[1,2,A]_[12248,34941]_component_data.tif - resolution #1",0.0,-0.8942886554173057,,0.9494302636367051,1.4362016187463842,5.273477887069702,-0.29364253575203886,-1.1710135833656923,0.0,,-0.15730244153725248,-0.6387653440978663,-1.011472503346197,0.871726242279951,,,,,,,,0.651517412022506,-1.0444187874711934,,0.0,0.3557444057753774,1.9747434555521735,1.589081592064672,1.4107777513333026,-0.6467686799182414,,0.3804712203190978,0.0,-0.2891315398779711,0.55581094575105,4.91923994878168,-1.6120526559592658,,1.6432879376404903,-0.29932369857435875,0.0,-0.086824034530472,-0.6250930232580234,-0.5871341482476254,,1.1822350348514146,0.5066113441475084,0.07807693823788615,0.0,0.0,-0.8089595173765315,,0.5580831864831607,1.3134891297361218,3.0564838780633594,0.43881154394272676,0.9163966861091997,0.0,,0.19541263103866993,-1.1999830428169396,-1.0968319491085,-0.2526536352574001,,,,,,,,1.4128794092900807,-0.5442209934573896,,0.0,1.4664799065462275,0.8117970192073919,0.3931310685696979,1.3925324916060844,-1.264040789996105,,1.446094770245783,0.0,3.5835153977828598,-0.11253737814286953,3.272973524356779,-1.2141152979929266,,0.8050653666367631,3.5939356802694196,0.0,0.3365135277826664,1.1795725225259317,-0.5329337208566775,,0.5553595163131089,-0.09004194017025961,0.3678702159587089,0.0,2849,45,1869,,554,2.0,14,365,0.015795015795015795,0.6560196560196561,,0.19445419445419446,0.000702000702000702,0.004914004914004914,0.12811512811512812,,,,,,,,,,,,,,,,,,,,,,,,,,,,,,,,
6,"Gbg LGG TMA 8 Panel 2_Core[1,2,B]_[14153,34877]_component_data.tif - resolution #1",0.0,-1.321080778208327,,0.9345409976303025,,7.547444446638347,0.8513095366260689,-2.052021790002489,0.0,,1.0694802046601999,,-2.6161752890791465,0.6658356270694964,,,,,,,,0.39376705874651086,0.08616876080194871,,0.0,,-0.6795529923841085,-0.4620078250614204,,,,,,,,7.976148616252553,-1.614028889820021,,-0.08081774527803294,,0.0,1.647733750098194,0.5850817362880053,0.05788127845910337,,-0.5809286132313398,,1.2729049157620924,0.0,0.0,-1.0616291287439032,,1.1829388293168066,,5.4042366667534605,-0.11930950726557803,-1.3722414450381735,0.0,,0.9498649096346055,,-1.8399221649157194,-0.09647329676414461,,,,,,,,0.8124975056700302,-0.36061967117816257,,0.0,,-0.8948517917513689,1.576563143840622,,,,,,,,5.736477235017349,-0.7689691414450842,,-0.27300577920135627,,0.0,-0.42817204272743253,-0.26337860070502916,-0.6320344155658485,,1.5368511873893749,,-0.6533333987408273,0.0,2476,55,1908,,435,,17,61,0.02221324717285945,0.7705977382875606,,0.17568659127625202,,0.006865912762520194,0.024636510500807753,,,,,,,,,,,,,,,,,,,,,,,,,,,,,,,,
7,"Gbg LGG TMA 8 Panel 2_Core[1,2,C]_[15994,34560]_component_data.tif - resolution #1",0.0,-2.914905527913298,,2.3163500313028065,,9.926981444615757,2.6636082572770707,-2.668827718229513,0.0,,1.1460451449400806,,-3.060806816050429,0.8213304320079599,,,,,,,,2.1371697990613323,-0.5521588148183183,,0.0,,1.9667401012768515,-0.11594433119213607,,,,,,,,9.705298145404498,-3.374772625475463,,1.9289202017003713,,0.0,2.5238473771390244,2.4728172222035765,-0.5931455920434946,,-0.21145290423232557,,2.5243265308748106,0.0,0.0,-2.149792120394112,,1.7465706380475712,,6.571881203792633,2.1368269757658105,-3.2222530820223216,0.0,,1.4179902232835246,,-2.1117450362746064,0.4664015265945775,,,,,,,,0.915808581618452,-0.17546567023941909,,0.0,,1.6921341603846545,-0.48052668740418586,,,,,,,,6.131304825809264,-2.403175166585137,,1.6922031260568626,,0.0,1.7651557166001446,1.5618891570685294,-0.30519586844874996,,-0.3290368940470338,,1.8057494743033151,0.0,1840,40,1361,,279,,13,147,0.021739130434782608,0.7396739130434783,,0.1516304347826087,,0.007065217391304348,0.07989130434782608,,,,,,,,,,,,,,,,,,,,,,,,,,,,,,,,
8,"Gbg LGG TMA 8 Panel 2_Core[1,3,A]_[12375,36719]_component_data.tif - resolution #1",0.0,-3.587976110846999,14.01576717211551,-0.02802576935405409,1.0623493476099262,11.83171279386111,4.944389155822168,-5.985546687665818,0.0,-2.0356509622468297,2.7420019999341316,1.5724294328694692,-3.032815899291982,1.1386263781180723,11.200039116091236,-2.347933228357261,0.0,-0.7075492307035588,-0.3244960794920725,-0.2381141077033061,-0.18154815867572283,-1.815580507564528,0.2879763605117173,-0.6171535170794092,0.0,-0.6940993744898482,-0.13742246354224408,0.6790752308508783,0.22606921578911357,-0.014543612856476887,-0.33593850781837414,-1.0806238308589502,0.0,-0.513160659803548,1.0314220066016189,11.255447058858332,-2.6494474900801066,-0.20303818341290972,0.3289523357422351,-0.422662280887079,0.0,-0.724986744205147,2.7308470786814842,-1.010579616936359,-0.11143724738166633,0.5215799120273982,1.4346022706984705,-0.996008134184888,0.0,0.0,-2.28378352055705,7.732238164548215,0.11061541946658916,0.6302673005335867,6.397412951130161,3.4327225674999027,-4.187008732329214,0.0,-1.3328240233294057,2.07017941722651,1.7771495717545729,-1.6673208752886166,0.29407983893518047,7.283655368044797,-1.3368166957987226,0.0,-1.7687703695255814,-0.5091108446421144,2.3032117885937406,0.6108508305601142,-1.2862066994148353,0.00023101775124128557,-1.8275932005430924,0.0,0.573490292191898,-0.0012728319069034405,0.8973551433849384,-0.16874296635629077,-0.4838797667370284,-0.5654688598144483,-0.25863212908259153,0.0,-0.8637784238806734,1.820120665037825,6.050340463804204,-1.5453605377041024,2.3339524781799716,0.21987885436476676,-0.7699185106557942,0.0,-0.2881059485448751,2.1302261183774864,-1.2633314619395373,0.5214853367632224,0.8889887733382503,2.6365023690687606,-0.44613470732981375,0.0,1608,70,1119,3.0,247,13.0,7,148,0.043532338308457715,0.6958955223880597,0.0018656716417910447,0.15360696517412936,0.00808457711442786,0.004353233830845771,0.09203980099502487,0.0,-0.5522053183358577,-0.39616122703984896,0.8909596014474188,3.964354779879218,-0.17461886054355102,-0.802960358160699,-0.35516244244236206,0.918021792768382,1.7741953563500732,4.961965087476903,-0.1172238948095467,-0.6104299486021341,0.0,-0.7809309430624154,-0.23982754496443354,0.5782318383798859,2.6349515297902575,-0.24694819300331172,-0.25483910070339827,-0.6516038875948605,0.5763228896107062,0.9813671178041086,2.73660033835834,-0.21353365176174516,-0.02769681182932812,1.0,0.0006218905472636816,-0.11431472035063067,-0.08999832698799619,-0.16166538081336854,-0.1412009819834433
9,"Gbg LGG TMA 8 Panel 2_Core[1,3,B]_[14261,36580]_component_data.tif - resolution #1",0.0,0.24331622619173474,0.7419456889378303,-2.624195033758428,-1.6327703364641288,7.67396638529262,1.5388774660236937,-3.029171225215781,0.0,-1.3386652913468948,4.117501268176757,-3.011995961587759,-2.6925126957423426,-1.7632057274383826,0.5216004522805056,-0.6684846233449631,0.0,0.450005990961268,4.9785738817597895,-1.0314645193848828,0.8720692833301736,-4.317085322961517,1.2887577912189871,-0.12062798566766669,0.0,-0.8103465550536918,-1.2093255836222596,-0.5642944602120937,-1.4513041848240944,-0.6249984000508562,5.651921301659245,0.45789277872746087,0.0,0.6333702884827135,0.7259654059061451,7.568375704940611,-1.3933948568979406,-0.9802930461854059,-0.41300749357387107,0.44931686851005453,0.0,0.8556235308274623,1.1903924645665185,-0.5777864412279853,0.8822122278725553,0.383680897473062,0.3422431132836844,0.7269021590135506,0.0,0.0,1.177181864213652,1.7765472888671896,-4.3310756036929865,-2.206393890436611,7.301670725946618,0.49181056700492193,-3.8459698569686256,0.0,-1.652106193213238,5.292876409126623,-3.649584192526598,-2.9128422401787746,-2.281344120658723,1.4116885191192894,-0.6881419990972393,0.0,0.834566360574919,2.479925586231532,-0.9615216890684051,0.2977175185177735,-6.795485460248354,1.7544479945280647,0.06332820927113834,0.0,0.8488814145863098,-2.711458057998433,-0.3818370974014799,-2.069467204352854,-0.9763069905419305,2.8315326019488043,2.433168315963739,0.0,-0.4639787446486428,1.1863354960492707,7.257511245906186,-0.6513669653961527,-0.8422123057557109,-1.5204817513457354,-0.5518778476496593,0.0,0.19499349507406233,0.013598220882108084,-0.4744486490323657,0.3220624530963243,0.9533326905990033,0.8058095276576643,-0.016243122914107427,0.0,3597,117,2818,30.0,498,17.0,28,79,0.03252710592160134,0.7834306366416458,0.008340283569641367,0.13844870725604672,0.004726160689463442,0.00778426466499861,0.021962746733388935,0.0,-1.7228988758132497,0.5336372369500499,0.10299451778483569,-0.6567214326960538,-0.8428239323214212,-0.0029539240817638025,-1.8785538459281759,-1.8718174689442204,-1.0317628569703192,-0.6768341129721779,-0.925957090871447,-0.329926038591866,0.0,-2.5436728449431967,0.20340213636311782,1.586706270462003,-1.1014898768602637,-1.413631457147451,0.15239953161878725,-2.859609294554535,-3.8149969053650254,-0.4905130647135077,-1.1829853709680052,-1.556819583040909,-0.43655907260768007,10.0,0.0027800945232137894,-0.872406059292877,-0.9806168328630605,-1.463248268990528,-1.654159229490869
10,"Gbg LGG TMA 8 Panel 2_Core[1,4,A]_[12502,38488]_component_data.tif - resolution #1",0.0,-2.4564355530698974,5.848606169732108,0.48992894421381256,0.9787693344232885,15.148419078817433,1.050153179446112,-4.694362895527574,0.0,-0.8276314064703434,1.3421679646350462,1.6391000969004952,-1.162206291364074,1.7166322030383032,5.017782604242942,-1.0798539840863837,0.0,-0.12401108281979537,-0.5391093724104999,-0.381205289331018,0.9194499869261685,-0.5232564685911206,-0.12074712802612518,-0.09829206609552091,0.0,0.8099219602537389,-0.7520125942882747,0.5981805809702923,0.15734778829736362,-0.26446480085797097,-0.5560549655605991,0.44756164652579816,0.0,0.029879721796884917,0.206259688326518,12.810741610502262,-2.0326838932839904,-0.3858056677237445,-0.8649288055148934,0.08350093911006536,0.0,-0.7060250065764963,-0.0712174726708123,-0.14318427527059574,0.9313948177033324,0.46690432598098724,0.4775072281808895,-0.6336007983895814,0.0,0.0,-1.7266962138337103,3.4426658411193904,0.8088437175624915,0.4233508490303283,9.146250554701359,1.1107881118397207,-3.283652923246435,0.0,-1.8662106557428628,0.5028796711213597,1.3720965832707868,0.0414238578946599,1.4785149773732433,3.71503668124559,-1.1083362744312237,0.0,0.9106029619298284,0.4279759922794259,-0.5718071424228622,0.4057451045548675,0.07260061208009488,-0.7491965985355789,0.5332684845321188,0.0,2.2736956367483865,0.8127356010583315,0.9243624151899195,-0.18893071848738324,-0.5124855959713822,0.1815033418784083,1.8476439911796365,0.0,0.746868215277223,-0.38352944060787525,7.975783100431168,-1.4678659690086207,-0.6507045232717132,0.4622142696457369,0.7068428823788144,0.0,-1.014744182795712,0.3002048875691916,-0.1808133557026398,0.0649326214622849,0.7929533307944392,-0.09955597288774184,-0.7718573540905634,0.0,2095,64,1683,3.0,148,38.0,19,138,0.03054892601431981,0.8033412887828162,0.001431980906921241,0.07064439140811456,0.018138424821002388,0.009069212410501194,0.06587112171837708,0.0,-0.4283361640849276,-0.37552339550372127,0.8839030051164591,2.6997840179824912,-0.2333828415631294,-0.6289825973985241,-0.5050276130055743,-1.3875525404969464,0.30843791447491975,1.748599372293765,-0.31500827400489395,-0.8354956350629779,0.0,-0.7622305932606255,-0.07115903547837621,0.5663751352345848,1.11528724929452,-0.41530794021468176,-0.22582071389703767,-0.8986132196233033,-1.5936613379292452,-0.03089503747156003,0.5951749475679848,-0.5312967695032512,-0.6674913640403942,2.0,0.0009546539379474941,-0.09273673764594098,-0.12367857173928629,-0.16502624226226603,-0.18551783057564752
11,"Gbg LGG TMA 8 Panel 2_Core[1,4,B]_[14407,38306]_component_data.tif - resolution #1",0.0,-1.4450765457434174,,0.22019133445052677,0.8788523871308032,13.432759848571374,-0.43762881152970473,-4.766423581252375,0.0,,2.7042350967923663,0.3246536679933412,-5.0869017748309755,0.4698420018038295,,,,,,,,-2.2173265794070973,-0.7360825381644778,,0.0,0.013447429467151115,-3.844683524863255,2.5363420875036775,0.6007312094008258,-0.08150880255649358,,-0.05430131524590572,0.0,0.4109047080600967,0.6874297917177781,14.014733648258678,-1.8515805872769382,,-1.7964899846164808,0.6595712057966739,0.0,1.7536835234583652,-1.1662149765487775,-1.076332713862395,,2.107017363645393,0.6653341820954805,0.9978226608149496,0.0,0.0,-0.7529440363914794,,-0.5029059807492408,1.8471654854249826,10.305132343862773,-0.055516923323774496,-2.5374377402721833,0.0,,1.4342899514437115,0.92727953105755,-3.496090786363374,0.690422820526538,,,,,,,,-2.083699792162307,-1.9395427455214709,,0.0,0.31443115141375816,-3.8516130938494295,5.386347487292118,1.4741277329017066,-0.20169716218171108,,-0.143192522028033,0.0,0.4526058515668679,-0.06356483765139055,10.764753644259123,-0.9458727250136101,,-2.158675510171261,0.7433778687897704,0.0,1.216908366086121,-0.8935358424356659,-2.318010795376673,,4.092619020192174,-0.05493111428478749,0.4539194902088153,0.0,6853,205,4942,,1437,11.0,75,90,0.0299139063184007,0.7211440245148111,,0.2096891872172771,0.0016051364365971107,0.010944112067707573,0.013132934481249088,0.0,-3.377729651298125,-2.7590099587901253,7.192920042274527,-1.215732872813544,-2.9201259155042605,-0.1707445767901538,-2.3614252885183187,1.1317976272142456,9.214395986728585,-1.1298723610246564,-2.24846998143226,0.1451466284141117,0.0,-3.66882386077283,-5.017628320590639,11.065941541537395,-0.6062942193413522,-2.968357057179599,1.298170977004574,-2.4290013297941924,0.6433416383002436,14.238688228063587,-0.5002497278120216,-2.08539261275676,1.6904932640217905,93.0,0.01357069896395739,,,,
12,"Gbg LGG TMA 8 Panel 2_Core[1,5,A]_[12565,40211]_component_data.tif - resolution #1",0.0,-15.158646281724554,14.011118380655317,23.127422286046308,-0.6855430240126617,38.161344965369004,18.954435604069417,-23.323999158709757,0.0,-1.1212739195712003,2.411042892628677,3.2400943019411215,-8.411905748494355,9.589983474671067,10.580128431207475,-3.387106061281365,0.0,2.1939139873291533,-0.12822289560370936,3.7468722850906104,3.1679607163859957,15.935480813090377,-5.365719387984291,2.375506317766837,0.0,1.843964911792726,6.435473819665503,6.528912894752915,-1.5569132831147752,0.08809657970463686,-0.13894851973297911,1.59306581333303,0.0,-1.211651655642473,-0.36052647452357534,32.590662259169235,-8.629619782559548,4.13955473782682,7.167348433934781,-1.1283631544069659,0.0,5.620349840702767,10.605418670726369,-3.5883798801631284,3.3940909683770037,6.349597244433935,-0.08594909140177526,4.693296023238137,0.0,0.0,-15.454516491007473,13.284944187452526,26.846043818402492,1.5584917677489707,35.41857117624655,17.513031735481487,-25.510979942941873,0.0,-2.4474774908138257,4.504819487100723,4.3693733248539095,-8.939827583675836,9.261716414567251,11.21746661030038,-3.5827156334358956,0.0,4.3783574807648815,-1.1646165116271594,4.169594654073125,2.062003736627262,19.764565797674948,-5.892424104685555,4.009873160409726,0.0,1.981826369449449,7.2156461168361785,5.870170600195098,0.01245865905356453,-0.5199022738567348,-1.2838948605175535,1.4809375177176916,0.0,0.34783502136113525,0.6359418256236662,31.90652423781939,-9.019743185023543,4.323804467049423,8.140716134235195,0.6679471213109454,0.0,6.126671190635941,10.02913036340747,-3.6201751214071685,1.7960600260376693,6.708671510910837,1.5786992549120105,5.224707351489639,0.0,7450,134,6161,18.0,325,24.0,23,760,0.017986577181208052,0.826979865771812,0.0024161073825503354,0.0436241610738255,0.003221476510067114,0.003087248322147651,0.10201342281879194,0.0,2.023543791064307,0.058429567803743206,0.1739576013213223,-0.5203712712306603,1.453625265508372,-1.2208444081925227,2.612085054433914,0.007423073521490822,-0.061163744744475355,-0.5649332947175492,1.426640404395516,-1.5104740479254073,0.0,2.1215694485383443,-0.06146213179224413,1.5397742548567959,0.21620229416544656,0.25906207426337696,-1.8846386129906625,2.6517535931592526,-0.040276582996509276,1.1946339185414063,0.07203336427468325,0.25749848191584407,-2.1595533578106703,5.0,0.0006711409395973154,-0.4506546367554861,-0.48663555036949935,0.5087998933046339,0.4655339362542131
13,"Gbg LGG TMA 8 Panel 2_Core[1,5,B]_[14470,40104]_component_data.tif - resolution #1",0.0,-2.412032703830958,1.837052050153826,-1.0803561343970605,-1.8622389204821532,15.993512747171888,5.854573495822234,-4.794662228634105,0.0,-0.6170371824909116,1.9879992030112295,1.451836923225768,-1.830782808991753,0.3424610470113102,1.7817723698848154,-0.09126382474609487,0.0,-0.8004157727197877,-1.3363342300895151,1.6934347113184745,0.5012375249071346,-2.179730949725848,-0.22463723724050827,-1.0105423741744404,0.0,0.03590680605742609,0.04170364225359406,1.9099717470977877,-2.559389983729118,0.5665251657788797,-1.4350441488694072,0.3491882252309516,0.0,-1.4443097411891979,0.15771982160912387,12.68900065565504,-3.3811835549894567,1.2711261594200756,-0.28940243926423587,-1.6945291900439992,0.0,2.1222305644543735,4.0728073387126935,-1.7003056273681112,0.17762360303493088,1.9546015132692942,-0.12035335208158765,2.663346701780908,0.0,0.0,-1.8141161475627325,1.4596657506241377,-1.7409812520252403,-3.266055970451075,14.763879809523225,6.189897225529519,-6.531627182446783,0.0,-0.21305364593363255,4.03468953793339,0.8329091833331375,-3.5123072980940515,0.42366841421005985,1.1209121611880561,0.0325266864911451,0.0,-1.5075335131157308,-0.2986186454204059,1.5823231794824297,0.3001049978329505,-3.671176699066892,0.6574030414934403,-1.7069306771114867,0.0,0.3111781812964121,-0.8953606561907923,0.8483236664794604,-4.336116354705104,0.5200160558574901,-0.3768841402829074,1.083617271518441,0.0,-0.2981278553230655,1.4991052831291685,13.222501687150906,-3.6149165023321226,1.5243387354643523,-0.6666451023734465,-0.30142013190961303,0.0,1.92117578632668,3.736835379939476,-1.7302211346481642,0.08082900410680938,1.1910275666498453,1.0104201329978437,1.727097074753422,0.0,2124,102,1601,7.0,132,108.0,13,136,0.0480225988700565,0.7537664783427496,0.003295668549905838,0.062146892655367235,0.05084745762711865,0.006120527306967985,0.064030131826742,0.0,-1.5203790633172358,0.2664476575364598,1.5530733715715948,0.703643171660603,-0.06904116118311861,-1.5565618080285752,-0.7730104526169775,2.964138864563376,2.1368550564607784,1.3450109827640784,-0.0748388161934537,-1.1807649786173398,0.0,-1.8747385686911961,0.96409374389119,0.7803754386791261,-1.4877986201504327,-1.1273632498016883,-0.6590527428408355,-0.7605669067710531,3.893845866170268,1.2004881257601023,-0.8989087081993349,-0.9690180112268559,-0.1455363303586165,25.0,0.011770244821092278,-0.7595833268737798,-0.6429104043582407,-0.45975465378820085,-0.28053630776178107
14,"Gbg LGG TMA 8 Panel 2_Core[1,6,A]_[12629,41926]_component_data.tif - resolution #1",0.0,-5.286710046873345,4.1686796109438395,1.2034384374985683,3.052616263202464,19.140458595963178,10.350301149415044,-9.621946982620768,0.0,-0.6028991159131186,1.5062294736349473,0.5102352352479537,-4.293556274573903,1.4954458589755901,3.2998339012920366,-1.639266901405346,0.0,0.36572795347432974,1.9508281475742095,3.9263215022272604,2.7233836178739472,-0.43739359961405583,-1.6679021046438112,0.4234351398309256,0.0,1.1919769170717427,-1.519393175861644,4.167749856957851,2.4021246684750777,-0.5203269888744673,1.8961756142237718,1.0349085800075404,0.0,-0.6189852096717512,-0.038937114158512025,18.407692533951572,-3.0733047898606336,4.3889469436388895,-1.1057648557582205,-0.5659568548256243,0.0,3.828934982801781,7.273825371755975,-2.39303328557613,2.862832269323236,4.33295002902298,0.17763368069485405,2.9186037205558457,0.0,0.0,-3.2846469658403814,3.5866553607804876,0.3245924407508808,3.5338873882036057,13.431314440201186,6.902632329866464,-5.700930470570573,0.0,-1.4598257538482762,-0.17604139357302756,-0.3425557132711515,-2.411426964887725,1.5498124616833668,3.235606831784871,-2.046142206313524,0.0,1.132378919115718,0.6917757405488466,4.255150910697887,3.2923778958402052,-0.5405904311824445,-2.394016656967275,1.1335421305198121,0.0,1.7900358234960403,-2.2672617426246093,4.561380335521279,3.1914927147285503,-1.2180864438050372,0.6462120437101376,1.630812673003281,0.0,1.8947361764499953,0.7093678629565046,13.122538211446612,-2.0639451636230777,4.374875376444258,-2.1108012143395016,2.001535568910913,0.0,2.974790135384465,5.4247844888983945,-2.253320517310492,3.244794140467471,4.392213262843616,0.8847359675179073,2.635473260279249,0.0,7842,56,6371,33.0,442,12.0,12,852,0.00714103545014027,0.8124203009436368,0.004208110175975516,0.0563631726600357,0.001530221882172915,0.001530221882172915,0.10864575363427698,0.0,-1.460959665125845,-0.34235660890124714,1.0380602898858275,-0.7263300785179984,-0.7263300785179984,0.7827131457756222,-0.8942597689209507,1.9608347247992284,1.34413386552191,-0.7299346620146223,-0.5419237662133781,1.258444745146971,0.0,-3.6637470390547024,-1.1611516069950578,5.71145096001538,0.9145480512426657,-1.1619800730466427,0.017244060017994486,-3.267473273653777,2.612591742354554,6.641605364162422,1.0021607260875056,-1.008986067664391,1.0327941989079625,64.0,0.00816118337158888,-0.25371530027247197,-0.19953360756754507,0.01397424177042533,0.22604704617774082
15,"Gbg LGG TMA 8 Panel 2_Core[1,6,B]_[14534,41989]_component_data.tif - resolution #1",0.0,-5.243380477811591,4.073058862082503,2.3689650800260167,1.4543067123063438,17.602214827521095,7.327289324558008,-5.201877810124114,0.0,0.02021408147235195,-0.8871280477385654,4.04276882232717,-3.819769303238236,0.14525617263998078,3.3936993500759205,-1.1801917474242385,0.0,0.9478077756961013,-1.822755590952748,7.619450728634778,1.9237840091313445,1.8101182386714407,-2.3653536094424092,1.0506556220077399,0.0,2.5617104931502284,1.4577455585985162,-0.6768968140453462,0.2020383055241511,-0.6581208082291816,-1.833894548352227,2.2033999272209934,0.0,-1.4142690051346651,1.2589446864703344,15.114677602362839,-4.842078620064664,7.308637902345603,1.209288939507953,-1.5485270981577488,0.0,2.3450892647274753,5.952244336125653,-2.8075046667598422,1.9628761245502595,-0.815087499438211,1.4051065109137992,2.616057389542989,0.0,0.0,-4.501305515572113,3.4935977728969756,2.271142946446621,0.08402308695942685,15.62904957245096,7.987711944145526,-3.055117562992443,0.0,1.6407842751714645,0.6534426770054618,2.0518256596498254,-2.5083310023389513,-0.650498111099614,2.5512507564917546,-1.4796487337601445,0.0,0.7237721460015932,-0.6754553690357,6.640961238030142,2.2787723317663144,1.9835208832491333,-1.5187589658114684,1.2189879153801717,0.0,1.6905401168074694,0.16268086577118382,-0.8838771058578311,0.02767981320644623,-0.8278173530844547,0.33480423223742634,2.075393862570241,0.0,-1.0625364636040897,0.6384337812453018,14.533885268638285,-4.012043193563067,7.099873377785018,0.01405737396961082,-1.4682474337424185,0.0,2.7358062572336146,7.633050996778238,-3.406834368533246,3.1899412520972903,-0.791237102186829,0.3107109747830968,3.1140874178839675,0.0,1587,73,982,17.0,51,197.0,14,112,0.045998739760554505,0.6187775677378702,0.010712035286704474,0.03213610586011342,0.12413358538122243,0.008821676118462508,0.07057340894770006,0.0,-3.1299053707844706,-0.2961154385453985,2.0966385029338674,1.455936681419541,-1.3317005638607993,1.155946721528409,-2.9602152185842967,0.6926445456435358,1.6373598692599416,0.16336467456749498,-1.6595256835107868,0.2953881387355783,0.0,-2.679917438597957,-0.5074430077825006,1.5728966010540237,1.2289195878018868,-2.7067369972047617,2.2073993853256124,-3.0061738404355762,0.2375949943617497,0.8594463714468011,0.48728438919944395,-3.0776142926161496,1.327877941057944,141.0,0.0888468809073724,-1.642163431198694,-1.8700842704346254,-0.7796208589966391,-1.7071588348458904
16,"Gbg LGG TMA 8 Panel 2_Core[1,7,A]_[12703,43779]_component_data.tif - resolution #1",0.0,0.6290017561757592,-0.6874787064486122,-0.6130870703772009,-0.8810473692497127,0.4539690799052651,-1.098886678146148,2.0413223555076017,0.0,-2.4067531886625453,1.0718377139474162,-1.5777923020936733,-0.5280936840162332,-1.7288483216186574,-0.1887600883236216,-0.9430879963444895,0.0,1.3327374210861849,0.31731692788798793,-0.023223246828198468,2.287743709701032,-0.5044737174793859,-0.2644901368149079,0.4922477422803065,0.0,1.433190911973355,0.47889853673998145,-0.24975601526129373,-0.355595919199321,-0.394725133855574,0.09496311249290044,2.1740153718444253,0.0,0.24352166817866214,-1.4877708705452044,0.7714583821963799,-0.38091819814513156,-0.31659025329702084,0.7906385188144499,0.030465328042255768,0.0,-0.6038014673928118,-0.3421690488362659,0.03686961547626849,1.8052464373493442,0.6746227583213357,-1.4715524764214407,-0.31380320931329886,0.0,0.0,0.7462578703213172,-1.2100183725221256,-0.10483047137572812,-0.4668515482287413,-1.006939129530048,-1.7228472747521164,1.659037022744181,0.0,0.14580411097027227,0.5331275222671247,-0.13326772668231016,-0.7778658881790317,-1.8588756347364066,-1.1390413557447836,0.2634744595203653,0.0,0.36655100946283886,0.22131211262599532,-1.4059342393824443,0.9627227736717346,0.016612818684392062,-0.15917697774957973,0.27943367350911724,0.0,0.8219027742489584,-0.695250269183983,0.7288525100271444,-0.3250811996284342,-0.12110978045365464,0.20212548758644103,0.9391608691995861,0.0,0.7373819292271571,-1.2437008012597,-0.57057211620299,0.2368700434301224,-1.3794563768452384,-0.2205398081739004,0.91142271148663,0.0,-0.0795368736172362,-1.0780427052227866,-0.11095492894499424,1.0676598876348873,1.5299665309331918,-0.9919973233123295,0.03345826510126744,0.0,2647,163,1996,8.0,250,52.0,73,96,0.06157914620324896,0.7540612013600302,0.003022289384208538,0.09444654325651682,0.019644880997355497,0.027578390630902908,0.036267472610502456,0.0,-0.7045309681550875,-0.49036907509654615,1.7749164274184424,-0.04376415177771853,0.4404294020869819,0.05131825085722571,-0.86021640980601,-0.8444001020789279,1.4796647335719493,-0.022859332124587572,0.3688832412637982,0.08985073222965997,0.0,0.8958400222171886,-0.089040339363104,0.031047930636021372,0.19494697586093057,-0.3935585411210882,-0.4266932124695995,0.4513943813149152,-1.2438100750696113,-0.42301602373722197,-0.002001281205420708,-0.5348841387055536,-0.5549391112726426,9.0,0.003400075557234605,-0.40091066655909746,-0.35522543390079053,-0.642212924782682,-0.676014736594605
17,"Gbg LGG TMA 8 Panel 2_Core[1,8,A]_[12756,45545]_component_data.tif - resolution #1",0.0,-0.7919773328211053,0.6519924341111804,0.3198385985737578,0.6605854818704414,1.7923693117408592,0.8242738228569633,-2.3961927177025784,0.0,-2.234745629087941,2.663384954629292,3.8232803826678903,-0.16050596083436167,-4.234416424480786,1.691247579123768,-0.4373161645418272,0.0,-0.7433585310374521,-0.31412247816535355,3.0034900352335034,-0.38820213625926564,-0.8646213581681876,0.04597477263572466,-1.240248658338898,0.0,-0.507594679298865,1.0835407918745192,-0.07475091867699206,-0.28483840863624454,0.8093137863315439,-0.5509895178945766,-1.1351702506720889,0.0,-0.6260084930811767,-1.0507014681009221,1.3213343552370314,-0.7461901007644984,1.508263054280576,1.2549450476937747,-0.3175781291334577,0.0,0.17623554005747552,1.3518825297018078,-1.058914059368967,-0.5768215882816485,1.7852737044043534,-0.049509743725443464,0.863877704584777,0.0,0.0,-0.5882290395609469,2.125925445670211,0.23590262079049404,0.04281549131463057,2.1688574614108016,0.1697016784915252,-1.4030542159424764,0.0,-0.8623963275906392,2.11850020794501,2.3582453966517085,0.11514678262025826,-3.7092407573731054,2.4622354329987775,-0.0807908063420878,0.0,-0.6730575025659794,-0.7565095525933296,0.6442546230433278,-0.9349191656811932,-0.657782159772543,-0.5111993514748179,-0.9753849136017383,0.0,0.4615394364286803,0.8659522221721448,0.9149921890183486,-0.5176329580267072,0.4298836064151274,-0.8505838273491936,0.15021506896429299,0.0,0.12835512256272477,-1.158892092585635,1.8252930167013484,-0.6086881821404254,0.44319599083318434,0.983162336300344,0.3047904260719845,0.0,-0.7805498873122824,0.6251571445977601,-1.2175127659600409,-0.9770094153438432,2.478344247455653,-0.4391873201895352,-0.2717720142058849,0.0,2789,120,2151,2.0,308,55.0,51,84,0.04302617425600574,0.7712441735389028,0.0007171029042667623,0.11043384725708139,0.01972032986733596,0.01828612405880244,0.030118321979204016,0.0,0.9523547402666577,-0.718856617562776,1.8177345242319771,0.5055834532761814,-0.7487611602497435,-0.7702646726687609,1.0375581907295952,-1.0412009958341384,1.3866383559276705,0.16198822219716102,-0.8262420203698821,-0.5747263548009004,0.0,0.35563644061368915,-1.363192067849895,3.18618751936106,-1.3066175630525456,-1.1677253305300341,2.397882129935924,0.5539910264097019,-0.9029908347441986,3.1246822994060626,-1.3761528481779448,-1.162199779273495,2.869323431987054,18.0,0.006453926138400861,-0.2855859971227932,-0.17970209802354187,-0.477574682102033,-0.4327804199262787
